<?xml version="1.0" encoding="utf-8" ?>
<dwsync>
<file name="assignment.html" server="partch.anu.edu.au/public_html/" local="131687935752460754" remote="131687953820000000" Dst="1" />
<file name="assessment.html" server="partch.anu.edu.au/public_html/" local="131687953820000000" remote="131687953820000000" Dst="1" />
<file name="feedback.html" server="partch.anu.edu.au/public_html/" local="131687934876121535" remote="131687953830000000" Dst="1" />
<file name="LICENSE" server="partch.anu.edu.au/public_html/" local="131687912654241778" remote="131687932290000000" Dst="1" />
<file name="passion.html" server="partch.anu.edu.au/public_html/" local="131687976478175793" remote="131687977640000000" Dst="1" />
<file name="README.md" server="partch.anu.edu.au/public_html/" local="131687912654311597" remote="131687932290000000" Dst="1" />
<file name="site_map.html" server="partch.anu.edu.au/public_html/" local="131687935012091375" remote="131687953880000000" Dst="1" />
<file name="source_log.html" server="partch.anu.edu.au/public_html/" local="131687934806186286" remote="131687953880000000" Dst="1" />
<file name="index.html" server="partch.anu.edu.au/public_html/" local="131687953820000000" remote="131687953820000000" Dst="1" />
</dwsync>